{
  "n_traces": 393,
  "location_accuracy": 0.6672603901611536,
  "joint_accuracy": 0.11501602722976767,
  "weighted_f1": 0.21027688252528448,
  "category_metrics": {
    "1.1 Disobey Task Specification": {
      "precision": 0.3203125,
      "recall": 0.3106060606060606,
      "f1": 0.3153846153846154,
      "support": 132
    },
    "1.2 Disobey Role Specification": {
      "precision": 0.014705882352941176,
      "recall": 0.16666666666666666,
      "f1": 0.02702702702702703,
      "support": 6
    },
    "1.3 Step Repetition": {
      "precision": 0.7,
      "recall": 0.06763285024154589,
      "f1": 0.12334801762114538,
      "support": 207
    },
    "1.4 Loss of Conversation History": {
      "precision": 0.0,
      "recall": 0.0,
      "f1": 0.0,
      "support": 35
    },
    "1.5 Unaware of Termination Conditions": {
      "precision": 0.3765432098765432,
      "recall": 0.40939597315436244,
      "f1": 0.39228295819935693,
      "support": 149
    },
    "2.1 Conversation Reset": {
      "precision": 0.028985507246376812,
      "recall": 0.09090909090909091,
      "f1": 0.04395604395604395,
      "support": 22
    },
    "2.2 Fail to Ask for Clarification": {
      "precision": 0.0,
      "recall": 0.0,
      "f1": 0.0,
      "support": 134
    },
    "2.3 Task Derailment": {
      "precision": 0.42,
      "recall": 0.21,
      "f1": 0.27999999999999997,
      "support": 100
    },
    "2.4 Information Withholding": {
      "precision": 0.04477611940298507,
      "recall": 0.5,
      "f1": 0.0821917808219178,
      "support": 12
    },
    "2.6 Action-Reasoning Mismatch": {
      "precision": 0.5689655172413793,
      "recall": 0.16923076923076924,
      "f1": 0.26086956521739135,
      "support": 195
    },
    "3.1 Premature Termination": {
      "precision": 0.2585034013605442,
      "recall": 0.3584905660377358,
      "f1": 0.30039525691699603,
      "support": 106
    },
    "3.2 Weak Verification": {
      "precision": 0.17142857142857143,
      "recall": 0.07407407407407407,
      "f1": 0.10344827586206896,
      "support": 81
    },
    "3.3 No or Incorrect Verification": {
      "precision": 0.1984126984126984,
      "recall": 0.25,
      "f1": 0.22123893805309736,
      "support": 100
    }
  }
}