{
  "n_traces": 393,
  "location_accuracy": 0.4175572519083969,
  "joint_accuracy": 0.06680830478540399,
  "weighted_f1": 0.16918240594686432,
  "category_metrics": {
    "1.1 Disobey Task Specification": {
      "precision": 0.42857142857142855,
      "recall": 0.18181818181818182,
      "f1": 0.2553191489361702,
      "support": 132
    },
    "1.2 Disobey Role Specification": {
      "precision": 0.010638297872340425,
      "recall": 0.16666666666666666,
      "f1": 0.02,
      "support": 6
    },
    "1.3 Step Repetition": {
      "precision": 0.5161290322580645,
      "recall": 0.07729468599033816,
      "f1": 0.13445378151260504,
      "support": 207
    },
    "1.4 Loss of Conversation History": {
      "precision": 0.1111111111111111,
      "recall": 0.05714285714285714,
      "f1": 0.07547169811320754,
      "support": 35
    },
    "1.5 Unaware of Termination Conditions": {
      "precision": 0.36363636363636365,
      "recall": 0.08053691275167785,
      "f1": 0.13186813186813187,
      "support": 149
    },
    "2.1 Conversation Reset": {
      "precision": 0.0,
      "recall": 0.0,
      "f1": 0.0,
      "support": 22
    },
    "2.2 Fail to Ask for Clarification": {
      "precision": 0.3763440860215054,
      "recall": 0.26119402985074625,
      "f1": 0.30837004405286345,
      "support": 134
    },
    "2.3 Task Derailment": {
      "precision": 0.6,
      "recall": 0.09,
      "f1": 0.1565217391304348,
      "support": 100
    },
    "2.4 Information Withholding": {
      "precision": 0.03333333333333333,
      "recall": 0.08333333333333333,
      "f1": 0.04761904761904761,
      "support": 12
    },
    "2.6 Action-Reasoning Mismatch": {
      "precision": 0.6086956521739131,
      "recall": 0.14358974358974358,
      "f1": 0.23236514522821575,
      "support": 195
    },
    "3.1 Premature Termination": {
      "precision": 0.2,
      "recall": 0.009433962264150943,
      "f1": 0.018018018018018018,
      "support": 106
    },
    "3.2 Weak Verification": {
      "precision": 0.2222222222222222,
      "recall": 0.024691358024691357,
      "f1": 0.044444444444444446,
      "support": 81
    },
    "3.3 No or Incorrect Verification": {
      "precision": 0.22413793103448276,
      "recall": 0.26,
      "f1": 0.24074074074074073,
      "support": 100
    }
  }
}